Model,OutOfSample
GLM,0.32171234111851
GLM_Keras,0.321665896557573
NN_shallow_Keras,0.314968157493287
NN_no_FE,0.325769019905439
