Model,OutOfSample
NN_embed,0.306823468966173
GLM_embed,0.319428349303921
NN_learned_embed,0.293526776174032
NN_learned_embed,0.292514225011354
NN_learned_embed,0.292514225011354
