model,MSE_OutOfSample
Lee-Carter,0.262381098473698
Autoencoder,0.117026883848517
Deep_reg,0.176264635328322
Deep_reg,0.176264635328322
Deep_reg,0.0814303392584579
